,,,,,,,,,,,
,ID,,タイトル,Z,X,S,TOOL,RPM,SPD,ANG,Z
,01,スタート,バイト・回転数・送り速度を入れて刃物台を回転させても大丈夫な位置,30,60,,外径荒,570,1,,60
,02,端面荒,端面の座標Z0の基準点を作る(荒),10,60,,外径荒,570,1,,10
,03,端面荒,刃先を端面に近づける,10,45,,外径荒,570,1,,10
,04,端面荒,刃先を軽く当てる,0.5,45,,外径荒,570,1,,0.5
,05,端面荒,中ハンドルで外に戻す,0.5,60,,外径荒,570,1,,0.5
,06,端面荒,小ハンドルのゼロセット,0.5,60,,外径荒,570,1,,0.5
,07,端面荒,小ハンドルで切込量0.4mmセット,0.1,60,,外径荒,570,1,,0.1
,08,端面荒,中ハンドルで削る,0.1,-1,,外径荒,570,1,,0.1
,09,端面荒,中ハンドルで外に戻す,0.1,60,,外径荒,570,1,,0.1
,10,端面荒,スタート位置へ,30,60,,外径荒,570,1,,60
,10,スタート,バイト・回転数・送り速度を入れて刃物台を回転させても大丈夫な位置,30,60,,外径仕上げ,1800,1,,60
,11,端面仕上,端面の座標Z0の基準点を作る(仕上),10,60,,外径仕上げ,1800,1,,10
,12,端面仕上,刃先を端面に近づける,10,45,,外径仕上げ,1800,1,,10
,13,端面仕上,刃先を軽く当てる,0.1,45,,外径仕上げ,1800,1,,0.1
,14,端面仕上,中ハンドルで外に戻す,0.1,60,,外径仕上げ,1800,1,,0.1
,15,端面仕上,小ハンドルのゼロセット,0.1,60,,外径仕上げ,1800,1,,0.1
,16,端面仕上,小ハンドルで切込量0.1mmセット,0.1,60,,外径仕上げ,1800,1,,0.1
,17,端面仕上,中ハンドルで削る,0,-1,,外径仕上げ,1800,1,,0
,18,端面仕上,中ハンドルで外に戻す,0,60,,外径仕上げ,1800,1,,0
,19,端面仕上,スタート位置へ,30,60,,外径仕上げ,1800,1,,60
,19,スタート,バイト・回転数・送り速度を入れて刃物台を回転させても大丈夫な位置,30,60,,外径荒,570,1,,60
,20,ケガキ60mm,基準点Z0を大ハンドルにセットする準備,10,60,,外径荒,570,1,,10
,21,ケガキ60mm,刃先を端面に近づける,10,45,,外径荒,570,1,,10
,22,ケガキ60mm,刃先を軽く当てる,0,45,,外径荒,570,1,,0
,23,ケガキ60mm,中ハンドルで外に戻す,0,60,,外径荒,570,1,,0
,24,ケガキ60mm,大ハンドルのゼロセット,0,60,,外径荒,570,1,,0
,25,ケガキ60mm,大ハンドルを60mmの位置へ左へ移動,-60,60,,外径荒,570,1,,-60
,26,ケガキ60mm,刃先軽く当てる,-60,49,,外径荒,570,1,,-60
,27,ケガキ60mm,中ハンドルで外に戻す,-60,60,,外径荒,570,1,,-60
,28,ケガキ60mm,大ハンドルで基準点より右に戻す,10,60,,外径荒,570,1,,10
,29,測定,【定尺測定】端面からケガキまで60mmあればOK,10,60,,外径荒,570,1,,10
,30,荒1回目,,10,60,,外径荒,570,1,,10
,31,Φ50→45.0,刃先を長手面に近づける,-1,60,,外径荒,570,1,,-1
,32,Φ50→45.0,刃先を長手面に軽く当てる,-1,50,,外径荒,570,1,,-1
,33,Φ50→45.0,大ハンドルで基準点より右に戻す,10,50,,外径荒,570,1,,10
,34,Φ50→45.0,中ハンドルのゼロセット,10,50,,外径荒,570,1,,10
,35,Φ50→45.0,中ハンドルで切込量5mmセット,10,45,,外径荒,570,1,,10
,36,Φ50→45.0,自動送りの確認,5,45,,外径荒,570,1,,5
,37,Φ50→45.0,自動送りで59mm付近で止める,-59,45,,外径荒,570,1,,-59
,38,Φ50→45.0,大ハンドルで59.9mmまで追い込む,-59.9,45,,外径荒,570,1,,-59.9
,39,Φ50→45.0,大ハンドルで基準点より右に戻す,10,45,,外径荒,570,1,,10
,40,測定,【ノギス測定】Φ40.5目標,10,45,,外径荒,570,1,,10
,41,荒2回目,現在Φ45.0-目標値Φ40.5=切込量4.5の計算をする,10,45,,外径荒,570,1,,10
,42,Φ45.0→40.5,中ハンドルで切込量4.5mm追加,10,40.5,,外径荒,570,1,,10
,43,Φ45.0→40.5,自動送りで59mm付近で止める,-59,40.5,,外径荒,570,1,,-59
,44,Φ45.0→40.5,大ハンドルで59.9mmまで追い込む,-59.9,40.5,,外径荒,570,1,,-59.9
,45,Φ45.0→40.5,中ハンドルで外に戻す、端面段差さらう,-59.9,60,,外径荒,570,1,,-59.9
,46,ケガキ45mm,大ハンドルを44.9mmの位置へ右へ移動,-44.9,60,,外径荒,570,1,,-44.9
,47,ケガキ45mm,中ハンドルで刃先軽く当てる,-44.9,40.5,,外径荒,570,1,,-44.9
,48,ケガキ45mm,中ハンドルで外に戻す,-44.9,60,,外径荒,570,1,,-44.9
,49,ケガキ45mm,大ハンドルで基準点より右に戻す,10,60,,外径荒,570,1,,10
,50,荒1回目,,10,60,,外径荒,570,1,,10
,51,Φ40.5→35.5,刃先を長手面に近づける,-1,60,,外径荒,570,1,,-1
,52,Φ40.5→35.5,刃先を長手面に軽く当てる,-1,40.5,,外径荒,570,1,,-1
,53,Φ40.5→35.5,大ハンドルで基準点より右に戻す,10,40.5,,外径荒,570,1,,10
,54,Φ40.5→35.5,中ハンドルのゼロセット,10,40.5,,外径荒,570,1,,10
,55,Φ40.5→35.5,中ハンドルで切込量5mmセット,10,35.5,,外径荒,570,1,,10
,56,Φ40.5→35.5,自動送りで44mm付近で止める,-44,35.5,,外径荒,570,1,,-44
,57,Φ40.5→35.5,大ハンドルで44.9mmまで追い込む,-44.9,35.5,,外径荒,570,1,,-44.9
,58,Φ40.5→35.5,大ハンドルで基準点より右に戻す,10,35.5,,外径荒,570,1,,10
,59,測定,【ノギス測定】Φ30.5目標,10,35.5,,外径荒,570,1,,10
,60,荒2回目,現在Φ35.5-目標値Φ30.5=切込量5.0の計算をする,10,30.5,,外径荒,570,1,,10
,61,Φ40.5→30.5,中ハンドルで切込量5.0mm追加,10,30.5,,外径荒,570,1,,10
,62,Φ40.5→30.5,自動送りで49mm付近で止める,-44,30.5,,外径荒,570,1,,-44
,63,Φ40.5→30.5,大ハンドルで49.9mmまで追い込む,-44.9,30.5,,外径荒,570,1,,-44.9
,64,Φ40.5→30.5,中ハンドルで外に戻す、端面段差さらう,-44.9,60,,外径荒,570,1,,-44.9
,65,ケガキ25mm,大ハンドルを24.9mmの位置へ右へ移動,-24.9,60,,外径荒,570,1,,-24.9
,66,ケガキ25mm,中ハンドルで刃先軽く当てる,-24.9,30.5,,外径荒,570,1,,-24.9
,67,ケガキ25mm,中ハンドルで外に戻す,-24.9,60,,外径荒,570,1,,-24.9
,68,ケガキ25mm,大ハンドルで基準点より右に戻す,10,60,,外径荒,570,1,,10
,69,荒1回目,,10,60,,外径荒,570,1,,10
,70,Φ30.5→25.5,刃先を長手面に近づける,-1,60,,外径荒,570,1,,-1
,71,Φ30.5→25.5,刃先を長手面に軽く当てる,-1,30.5,,外径荒,570,1,,-1
,72,Φ30.5→25.5,大ハンドルで基準点より右に戻す,10,30.5,,外径荒,570,1,,10
,73,Φ30.5→25.5,中ハンドルのゼロセット,10,30.5,,外径荒,570,1,,10
,74,Φ30.5→25.5,中ハンドルで切込量5mmセット,10,25.5,,外径荒,570,1,,10
,75,Φ30.5→25.5,自動送りで24mm付近で止める,-24,25.5,,外径荒,570,1,,-24
,76,Φ30.5→25.5,大ハンドルで24.9mmまで追い込む,-24.9,25.5,,外径荒,570,1,,-24.9
,77,Φ30.5→25.5,大ハンドルで基準点より右に戻す,10,25.5,,外径荒,570,1,,10
,78,測定,【ノギス測定】Φ22.5目標,10,25.5,,外径荒,570,1,,10
,79,荒2回目,現在Φ25.5-目標値Φ22.5=切込量3.0の計算をする,10,25.5,,外径荒,570,1,,10
,80,Φ25.5→22.5,中ハンドルで切込量5.0mm追加,10,22.5,,外径荒,570,1,,10
,81,Φ25.5→22.5,自動送りで24mm付近で止める,-24,22.5,,外径荒,570,1,,-24
,82,Φ25.5→22.5,大ハンドルで24.9mmまで追い込む,-24.9,22.5,,外径荒,570,1,,-24.9
,83,Φ25.5→22.5,中ハンドルで外に戻す、端面段差さらう,-24.9,60,,外径荒,570,1,,-24.9
,84,スタート,バイト・回転数・送り速度を入れて刃物台を回転させても大丈夫な位置,30,60,,突切り,360,1,,60
,85,溝荒1回目,端面Φ30.5に溝バイトを近づける,-22,60,,突切り,360,1,,-24
,86,Φ22.5→20.5,長手面Φ22.5に溝バイトを近づける,-22,23,,突切り,360,1,,-24
,87,Φ22.5→20.5,刃先を端面に軽く当てる,-22.9,23,,突切り,360,1,-20.9,-24.9
,88,Φ22.5→20.5,刃先を長手面に軽く当てる,-22.9,22.5,,突切り,360,1,-20.9,-24.9
,89,Φ22.5→20.5,中ハンドルのゼロセット,-22.9,22.5,,突切り,360,1,-20.9,-24.9
,90,Φ22.5→20.5,中ハンドルで切込量2.0mm削る,-22.9,22.5,,突切り,360,1,-20.9,-24.9
,91,Φ22.5→20.5,中ハンドルで外に戻す,-22.9,60,,突切り,360,1,-20.9,-24.9
,92,測定,【ノギス測定】Φ18.0目標,-22.9,60,,突切り,360,1,-20.9,-24.9
,93,溝荒2回目,現在Φ20.5-目標値Φ18.0=切込量2.5の計算をする,-22.9,60,,突切り,360,1,-20.9,-24.9
,94,Φ20.5→18.0,中ハンドルで残り2.5mm削る,-22.9,18,,突切り,360,1,-20.9,-24.9
,95,Φ20.5→18.0,中ハンドルのゼロセット,-22.9,18,,突切り,360,1,-20.9,-24.9
,96,Φ20.5→18.0,中ハンドルで外に戻す,-22.9,60,,突切り,360,1,-20.9,-24.9
,97,測定,【定尺測定】長手面5mm幅目標,-22.9,60,,突切り,360,1,-20.9,-24.9
,98,溝荒3回目,目標値5mm-現在4mm-=1㎜右へ移動させる計算,-21.9,60,,突切り,360,1,-19.9,-23.9
,99,Φ22.5→20.5,大ハンドルを右へ移動,-21.9,60,,突切り,360,1,-19.9,-23.9
,100,Φ22.5→20.5,中ハンドルでゼロセットに合うまで削る,-21.9,18,,突切り,360,1,-19.9,-23.9
,101,Φ22.5→20.5,中ハンドルで外に戻す,-21.9,60,,突切り,360,1,-19.9,-23.9
,102,スタート,バイト・回転数・送り速度を入れて刃物台を回転させても大丈夫な位置,30,60,,外径仕上げ,1800,1,,60
,103,仕上1回目,刃先を長手面に近づける,-1,60,,外径仕上げ,1800,1,,-1
,104,Φ22.5→22.25,刃先を長手面に軽く当てる,-1,22.5,,外径仕上げ,1800,1,,-1
,105,Φ22.5→22.25,大ハンドルで基準点より右に戻す,10,22.5,,外径仕上げ,1800,1,,10
,106,Φ22.5→22.25,中ハンドルのゼロセット,10,22.5,,外径仕上げ,1800,1,,10
,107,Φ22.5→22.25,中ハンドルで切込量0.25mmセット,10,22.25,,外径仕上げ,1800,1,,10
,108,Φ22.5→22.25,自動送りの確認,5,22.25,,外径仕上げ,1800,1,,5
,109,Φ22.5→22.25,自動送りで溝あたりで止める,-21,22.25,,外径仕上げ,1800,1,,-21
,110,Φ22.5→22.25,大ハンドルで基準点より右に戻す,10,22.25,,外径仕上げ,1800,1,,10
,111,測定,【マイクロ測定】Φ21.75目標,10,22.25,,外径仕上げ,1800,1,,10
,112,仕上2回目,現在Φ22.5-目標値Φ21.75=切込量0.5の計算をする,10,22.25,,外径仕上げ,1800,1,,10
,113,Φ22.25→21.75,中ハンドルで切込量0.5mm追加,10,21.75,,外径仕上げ,1800,1,,10
,114,Φ22.25→21.75,自動送りで溝あたりで止める,-21,21.75,,外径仕上げ,1800,1,,-21
,115,Φ22.25→21.75,中ハンドルで外に少し戻す,-21,30,,外径仕上げ,1800,1,,-21
,116,端面Φ30.5仕上,端面Φ30.5に刃先を近づける,-24,30,,外径仕上げ,1800,1,,-24
,117,端面Φ30.5仕上,刃先を軽く当てる,-24.9,30,,外径仕上げ,1800,1,,-24.9
,118,端面Φ30.5仕上,中ハンドルで外に戻す,-24.9,60,,外径仕上げ,1800,1,,-24.9
,119,端面Φ30.5仕上,小ハンドルのゼロセット,-24.9,60,,外径仕上げ,1800,1,,-24.9
,120,端面Φ30.5仕上,小ハンドルで切込量0.1mmセット,-25,60,,外径仕上げ,1800,1,,-25
,121,端面Φ30.5仕上,中ハンドルで目視でΦ18まで削る,-25,18,,外径仕上げ,1800,1,,-25
,122,端面Φ30.5仕上,中ハンドルで外に少し戻す,-25,31,,外径仕上げ,1800,1,,-25
,123,仕上1回目,刃先を長手面Φ30.5に近づける,-26,31,,外径仕上げ,1800,1,,-26
,124,Φ30.5→30.4,刃先を長手面に軽く当てる,-26,30.5,,外径仕上げ,1800,1,,-26
,125,Φ30.5→30.4,大ハンドルで端面30.5より右に戻す,-24,30.5,,外径仕上げ,1800,1,,-24
,126,Φ30.5→30.4,中ハンドルのゼロセット,-24,30.5,,外径仕上げ,1800,1,,-24
,127,Φ30.5→30.4,中ハンドルで切込量0.1mmセット,-24,30.4,,外径仕上げ,1800,1,,-24
,128,Φ30.5→30.4,自動送りで端面Φ40.5あたりで止める,-44,30.4,,外径仕上げ,1800,1,,-44
,129,Φ30.5→30.4,大ハンドルで49.9mmまで追い込む,-44.9,30.4,,外径仕上げ,1800,1,,-44.9
,130,Φ30.5→30.4,大ハンドルで端面30.4より右に戻す,-24,30.4,,外径仕上げ,1800,1,,-24
,131,測定,【マイクロ測定】Φ30.00目標,-24,30.4,,外径仕上げ,1800,1,,-24
,132,仕上2回目,現在Φ30.4-目標値Φ30.00=切込量0.4の計算をする,-24,30.4,,外径仕上げ,1800,1,,-24
,133,Φ30.4→30.0,中ハンドルで切込量0.4mm追加,-24,30,,外径仕上げ,1800,1,,-24
,134,Φ30.4→30.0,自動送りで端面Φ40.5あたりで止める,-44,30,,外径仕上げ,1800,1,,-44
,135,Φ30.4→30.0,大ハンドルで45.0mmまで追い込む,-45,30,,外径仕上げ,1800,1,,-45
,136,Φ30.4→30.0,中ハンドルで外に少し戻す、端面段差さらう,-45,41,,外径仕上げ,1800,1,,-45
,137,仕上1回目,刃先を長手面Φ40.5に近づける,-46,41,,外径仕上げ,1800,1,,-46
,138,Φ40.5→40.4,刃先を長手面に軽く当てる,-46,40.5,,外径仕上げ,1800,1,,-46
,139,Φ40.5→40.4,大ハンドルで端面Φ40.5より右に戻す,-44,40.5,,外径仕上げ,1800,1,,-44
,140,Φ40.5→40.4,中ハンドルのゼロセット,-44,40.5,,外径仕上げ,1800,1,,-44
,141,Φ40.5→40.4,中ハンドルで切込量0.1mmセット,-44,40.4,,外径仕上げ,1800,1,,-44
,142,Φ40.5→40.4,自動送りで端面Φ50.5あたりで止める,-59,40.4,,外径仕上げ,1800,1,,-59
,143,Φ40.5→40.4,大ハンドルで59.9mmまで追い込む,-59.9,40.4,,外径仕上げ,1800,1,,-59.9
,144,Φ40.5→40.4,大ハンドルで端面40.4より右に戻す,-44,40.4,,外径仕上げ,1800,1,,-44
,145,測定,【マイクロ測定】Φ40.00目標,-44,40.4,,外径仕上げ,1800,1,,-44
,146,仕上2回目,現在Φ40.4-目標値Φ40.00=切込量0.4の計算をする,-44,40.4,,外径仕上げ,1800,1,,-44
,147,Φ30.4→30.0,中ハンドルで切込量0.4mm追加,-44,40,,外径仕上げ,1800,1,,-44
,148,Φ30.4→30.0,自動送りで端面Φ50.5あたりで止める,-59,40,,外径仕上げ,1800,1,,-59
,149,Φ30.4→30.0,大ハンドルで60.0mmまで追い込む,-60,40,,外径仕上げ,1800,1,,-60
,150,Φ40.5→40.4,中ハンドルで外に戻す、端面段差さらう,-60,60,,外径仕上げ,1800,1,,-60
,151,スタート,バイト・回転数・送り速度を入れて刃物台を回転させても大丈夫な位置,30,60,,面取り,142,1,,60
,152,面取り,3か所の面取り,30,60,,面取り,142,1,,60
,153,Φ21.75のC2,刃先をエッジに近づける,0,60,,面取り,142,1,,0
,154,Φ21.75のC2,刃先を軽く当てる,0,21.75,,面取り,142,1,,0
,155,Φ21.75のC2,中ハンドルで切込量4.0㎜削る,0,17.75,,面取り,142,1,,0
,156,Φ21.75のC2,中ハンドルで外に戻す,0,40,,面取り,142,1,,0
,157,Φ30のC1,刃先をエッジに近づける,-25,40,,面取り,142,1,,-25
,158,Φ30のC1,刃先を軽く当てる,-25,30,,面取り,142,1,,-25
,159,Φ30のC1,中ハンドルで切込量2.0㎜削る,-25,28,,面取り,142,1,,-25
,160,Φ30のC1,中ハンドルで外に戻す,-25,50,,面取り,142,1,,-25
,161,Φ40のC1,刃先をエッジに近づける,-45,50,,面取り,142,1,,-45
,162,Φ40のC1,刃先を軽く当てる,-45,40,,面取り,142,1,,-45
,163,Φ40のC1,中ハンドルで切込量2.0㎜削る,-45,38,,面取り,142,1,,-45
,164,Φ40のC1,中ハンドルで外に戻す,-45,60,,面取り,142,1,,-45
スタート	バイト・回転数・送り速度を入れて刃物台を回転させても大丈夫な位置	30	60		ねじ切り
Φ21.75の糸面取り	刃先をエッジに近づける	-20	60		
	刃先を軽く当てる	-20	21.75		
	中ハンドルで切込量0.4㎜削る	-20	21.35		
	中ハンドルで外に戻す	-20	60		
ねじ切り準備	センターゲージで刃先の角度を調整する	10	60		
	中ハンドルで調整	5	0		
	中ハンドルで外に戻す	5	60		
	刃先をエッジに近づける	-1	60		
	刃先を軽く当てる	-1	21.75		
	中ハンドルのゼロセット				

,,,,,,,,,,,
,,,,,,,,,,,
,,,,,,,,,,,
,,,,,,,,,,,
,,,,,,,,,,,
,,,,,,,,,,,
,,,,,,,,,,,
,,,,,,,,,,,
,,,,,,,,,,,
,,,,,,,,,,,
,,,,,,,,,,,
,,,,,,,,,,,
,,,,,,,,,,,
,,,,,,,,,,,
,,,,,,,,,,,
,,,ネジ1回目：開始点へ(Z231.0),3,60,,none,,,,3
,,,ネジ1回目：切込 Φ21.25(中0.5),3,21.25,,none,,,,3
,,,ネジ1回目：削り(Z203.5),-24.5,21.25,,thread,,,,-24.5
,,,ネジ1回目：戻し(X60.0),-24.5,60,,none,,,,-24.5
,,,ネジ2回目：開始点(Z230.85/小0.15),2.85,60,,none,,,,2.85
,,,ネジ2回目：切込 Φ20.75(中1.0),2.85,20.75,,none,,,,2.85
,,,ネジ2回目：削り(Z203.35),-24.65,20.75,,thread,,,,-24.65
,,,ネジ2回目：戻し(X60.0),-24.65,60,,none,,,,-24.65
,,,ネジ3回目：開始点(Z230.73/小0.27),2.73,60,,none,,,,2.73
,,,ネジ3回目：切込 Φ20.35(中1.4),2.73,20.35,,none,,,,2.73
,,,ネジ3回目：削り(Z203.23),-24.77,20.35,,thread,,,,-24.77
,,,ネジ3回目：戻し(X60.0),-24.77,60,,none,,,,-24.77
,,,ネジ4回目：開始点(Z230.61/小0.39),2.61,60,,none,,,,2.61
,,,ネジ4回目：切込 Φ19.95(中1.8),2.61,19.95,,none,,,,2.61
,,,ネジ4回目：削り(Z203.11),-24.89,19.95,,thread,,,,-24.89
,,,ネジ4回目：戻し(X60.0),-24.89,60,,none,,,,-24.89
,,,ネジ5回目：開始点(Z230.52/小0.48),2.52,60,,none,,,,2.52
,,,ネジ5回目：切込 Φ19.65(中2.1),2.52,19.65,,none,,,,2.52
,,,ネジ5回目：削り(Z203.02),-24.98,19.65,,thread,,,,-24.98
,,,ネジ5回目：戻し(X60.0),-24.98,60,,none,,,,-24.98
,,,ネジ6回目：開始点(Z230.43/小0.57),2.43,60,,none,,,,2.43
,,,ネジ6回目：切込 Φ19.35(中2.4),2.43,19.35,,none,,,,2.43
,,,ネジ6回目：削り(Z202.93),-25.07,19.35,,thread,,,,-25.07
,,,ネジ6回目：戻し(X60.0),-25.07,60,,none,,,,-25.07
,,,ネジ7回目：開始点(Z230.37/小0.63),2.37,60,,none,,,,2.37
,,,ネジ7回目：切込 Φ19.15(中2.6),2.37,19.15,,none,,,,2.37
,,,ネジ7回目：削り(Z202.87),-25.13,19.15,,thread,,,,-25.13
,,,ネジ7回目：戻し(X60.0),-25.13,60,,none,,,,-25.13
,,,ネジ8回目：開始点(Z230.34/小0.66),2.34,60,,none,,,,2.34
,,,ネジ8回目：切込 Φ19.05(中2.7),2.34,19.05,,none,,,,2.34
,,,ネジ8回目：削り(Z202.84),-25.16,19.05,,thread,,,,-25.16
,,,ネジ8回目：戻し(X60.0),-25.16,60,,none,,,,-25.16
,,,ネジ9回目：開始点(Z230.37/小0.63),2.37,60,,none,,,,2.37
,,,ネジ9回目：切込 Φ19.05(中2.7),2.37,19.05,,none,,,,2.37
,,,ネジ9回目：削り(Z202.87),-25.13,19.05,,thread,,,,-25.13
,148,,ネジ9回目：完了 基準点退避(Z235.0),7,60,,none,,,,7
,149,,反転：ワークを反転し、チャックで掴み直す,7,180,,none,,,,7
,150,,端面2：基準位置へ移動(Z228.5),0.5,60,,none,,,,0.5
,151,,端面2：端面にバイトを当てる(X50.0),0.5,50,,none,,,,0.5
,152,,端面2：中で戻す(X60.0),0.5,60,,none,,,,0.5
,153,,端面2：右に戻す(Z238.5),10.5,60,,none,,,,10.5
,154,,端面2：大荒の準備(X45.0),10.5,45,,none,,,,10.5
,155,,端面2：サイクル1 小切込4.5mm(Z224.0),-4,45,,rough,,,,-4
,156,,端面2：サイクル1 削り(Z228.5),0.5,45,,rough,,,,0.5
,157,,端面2：中ハンドル送り(X41.0),0.5,41,,none,,,,0.5
,158,,端面2：サイクル2 小切込4.5mm(Z224.0),-4,41,,rough,,,,-4
,159,,端面2：サイクル2 削り(Z228.5),0.5,41,,rough,,,,0.5
,160,,端面2：中ハンドル送り(X37.0),0.5,37,,none,,,,0.5
,161,,端面2：サイクル3 小切込4.5mm(Z224.0),-4,37,,rough,,,,-4
,162,,端面2：サイクル3 削り(Z228.5),0.5,37,,rough,,,,0.5
,163,,端面2：中ハンドル送り(X33.0),0.5,33,,none,,,,0.5
,164,,端面2：サイクル4 小切込4.5mm(Z224.0),-4,33,,rough,,,,-4
,165,,端面2：サイクル4 削り(Z228.5),0.5,33,,rough,,,,0.5
,166,,端面2：中ハンドル送り(X29.0),0.5,29,,none,,,,0.5
,167,,端面2：サイクル5 小切込4.5mm(Z224.0),-4,29,,rough,,,,-4
,168,,端面2：サイクル5 削り(Z228.5),0.5,29,,rough,,,,0.5
,169,,端面2：中ハンドル送り(X25.0),0.5,25,,none,,,,0.5
,170,,端面2：サイクル6 小切込4.5mm(Z224.0),-4,25,,rough,,,,-4
,171,,端面2：サイクル6 削り(Z228.5),0.5,25,,rough,,,,0.5
,172,,"端面荒：準備(Z224.0, X60.0)",-4,60,,none,,,,-4
,173,,端面荒：端面にバイトを当てる(X50.0),-4,50,,none,,,,-4
,174,,端面荒：中を戻す(X60.0),-4,60,,none,,,,-4
,175,,端面荒：小ゼロセット(Z224.0),-4,60,,none,,,,-4
,176,,端面荒：小切込0.4mm(Z223.60),-4.4,60,,none,,,,-4.4
,177,,端面荒：中で削る(X25.0),-4.4,25,,rough,,,,-4.4
,178,,端面荒：小を戻す(Z224.0),-4,25,,none,,,,-4
,179,,端面荒：中を戻す(X60.0),-4,60,,none,,,,-4
,180,,"端面仕上：準備(Z224.0, X60.0)",-4,60,,none,,,,-4
,181,,"端面仕上：端面にバイトを当てる(Z223.6, X50.0)",-4.4,50,,none,,,,-4.4
,182,,端面仕上：中を戻す(X60.0),-4.4,60,,none,,,,-4.4
,183,,端面仕上：小ゼロセット(Z223.6),-4.4,60,,none,,,,-4.4
,184,,端面仕上：小切込0.1mm(Z223.50),-4.5,60,,none,,,,-4.5
,185,,端面仕上：中で削る(X25.0),-4.5,25,,finish,,,,-4.5
,186,,端面仕上：小を戻す(Z224.0),-4,25,,none,,,,-4
,187,,端面仕上：中を戻す(X60.0),-4,60,,none,,,,-4
,188,,"心もみ：センター合わせ(Z228.3, X0.0)",0.3,0,,none,,,,0.3
,189,,心もみ：センタドリル穿孔(Z225.0),-3,0,,rough,,,,-3
,190,,心もみ：ドリル退避(Z235.0),7,60,,none,,,,7
,191,,外荒2：基準点-端面に触れる(Z223.5),-4.5,50,,none,,,,-4.5
,192,,外荒2：基準点-外に戻す(X60.0),-4.5,60,,none,,,,-4.5
,193,,外荒2：Φ50→40.5 長手触れ位置(Z223.5),-4.5,60,,none,,,,-4.5
,194,,外荒2：Φ50→40.5 長手触れる(X50.0),-4.5,50,,none,,,,-4.5
,195,,外荒2：右に逃げる(Z235.0),7,50,,none,,,,7
,196,,外荒2：切込5.0mmセット(X45.0),7,45,,none,,,,7
,197,,外荒2：自動送り(Z193.5付近),-34.5,45,,outer1,,,,-34.5
,198,,外荒2：大ハンドル追い込み(Z193.4),-34.6,45,,outer1,,,,-34.6
,199,,外荒2：右に戻す(Z235.0),7,45,,none,,,,7
,200,,外荒2：Φ40.5追い込み切込(X40.5),7,40.5,,none,,,,7
,201,,外荒2：自動送り(Z193.5付近),-34.5,40.5,,outer1,,,,-34.5
,202,,外荒2：大ハンドル追い込み(Z193.4),-34.6,40.5,,outer1,,,,-34.6
,203,,外荒2：外に逃げる(X60.0),-34.6,60,,none,,,,-34.6
,204,,外荒2：ケガキ用位置決め(Z193.6),-34.4,60,,none,,,,-34.4
,205,,外荒2：ケガキ線入れる(29.9mm),-34.4,50,,mark,,,,-34.4
,206,,外荒2：外に逃げる(X60.0),-34.4,60,,none,,,,-34.4
,207,,外荒2：Φ40.5→35.5 切込5.0mm(X35.5),7,35.5,,none,,,,7
,208,,外荒2：ケガキ付近まで送り,-33.5,35.5,,outer2,,,,-33.5
,209,,外荒2：大ハンドルで29.9mmまで(Z193.6),-34.4,35.5,,outer2,,,,-34.4
,210,,外荒2：完了 右に逃げる(Z235.0),7,35.5,,none,,,,7
,211,,外仕上2：位置決め(Z223.5),-4.5,60,,none,,,,-4.5
,212,,外仕上2：端面にバイト触れる(X35.5),-4.5,35.5,,none,,,,-4.5
,213,,外仕上2：右に逃げる(Z235.0),7,35.5,,none,,,,7
,214,,外仕上2：Φ35.4切込(X35.4),7,35.4,,none,,,,7
,215,,外仕上2：自動送り(Z194.5付近),-33.5,35.4,,finishing,,,,-33.5
,216,,外仕上2：追い込み削り(Z193.6),-34.4,35.4,,finishing,,,,-34.4
,217,,外仕上2：右に戻す(Z235.0),7,35.4,,none,,,,7
,218,,外仕上2：マイクロ測定・Φ35.0目標切込,7,35,,none,,,,7
,219,,外仕上2：自動送り(Z194.0付近),-34,35,,finishing,,,,-34
,220,,外仕上2：追い込み削り(Z193.5),-34.5,35,,finishing,,,,-34.5
,221,,外仕上2：端面の段々を整える(X60.0),-34.5,60,,finishing,,,,-34.5
,222,,外仕上2：完了 基準点へ戻す(Z235.0),7,60,,none,,,,7
,223,,"荒テーパ：準備(Z223.5, X35.0)",-4.5,35,,none,,,,-4.5
,224,,荒テーパ：端面エッジに触れる(中ハンドル0),-4.5,35,,none,,,,-4.5
,225,,荒テーパ：小ハンドルで右に逃げる(Z225.0),-3,35,,none,,,,-3
,226,,荒テーパ：中ハンドル2mm入れる(X31.0),-3,31,,none,,,,-3
,227,,荒テーパ：1パス目削り(斜め送り),-29.5,36,,rough,,,,-29.5
,228,,荒テーパ：戻し(X60.0),-29.5,60,,none,,,,-29.5
,229,,荒テーパ：開始点へ戻る(Z225.0),-3,60,,none,,,,-3
,230,,荒テーパ：中ハンドルさらに2mm進める(X27.0),-3,27,,none,,,,-3
,231,,荒テーパ：2パス目削り(斜め送り),-29.5,32,,rough,,,,-29.5
,232,,荒テーパ：逃げる(X60.0),-29.5,60,,none,,,,-29.5
,233,,"仕上テーパ：準備(Z223.5, X35.0)",-4.5,35,,none,,,,-4.5
,234,,仕上テーパ：中ハンドル0.4mm入れる(X34.2),-4.5,34.2,,none,,,,-4.5
,235,,仕上テーパ：1パス目削り,-29.5,39.2,,finish,,,,-29.5
,236,,仕上テーパ：戻し(X60.0),-29.5,60,,none,,,,-29.5
,237,,仕上テーパ：開始点位置決め,-4.5,60,,none,,,,-4.5
,238,,仕上テーパ：最終切込0.6mm(X33.0),-4.5,33,,none,,,,-4.5
,239,,仕上テーパ：最終斜め削り,-29.5,38,,finish,,,,-29.5
,240,,仕上テーパ：完了 基準点へ(Z235.0),7,60,,none,,,,7
,241,,"面取り2：Φ35エッジ開始点(Z223.5, X34.6)",-4.5,34.6,,none,,,,-4.5
,242,,面取り2：Φ35エッジ面取り(C0.2),-4.3,35,,chamfer,,,,-4.3
,243,,面取り2：逃げ(X60.0),-4.3,60,,none,,,,-4.3
,244,,"面取り2：Φ40エッジ開始点(Z193.5, X39.6)",-34.5,39.6,,none,,,,-34.5
,245,,面取り2：Φ40エッジ面取り(C0.2),-34.3,40,,chamfer,,,,-34.3
,246,,面取り2：逃げ(X60.0),-34.3,60,,none,,,,-34.3
,247,,全工程完了：原点復帰(Z250.0),22,60,,none,,,,22

,248,,全工程完了：終了位置(X180.0),22,180,,none,,,,22
